Medicine_ID,Counterfeit_Sales
HLZ81,2202.836669921875
ECE94,3839.4189453125
SAD14,1521.6829833984375
EQV63,440.57635498046875
AIR10,432.171630859375
LIC37,651.1273803710938
EXZ14,3612.496826171875
UCB79,3693.228759765625
IDJ12,5483.3125
KLQ71,1618.7398681640625
NZS82,2337.61474609375
TZV99,4096.87744140625
FWK70,2486.0146484375
LKL13,2478.806640625
UFQ12,5793.1337890625
JPE14,2993.05810546875
SGZ11,2241.5498046875
JSD91,2549.59033203125
KSO48,3275.666015625
LNA17,905.5067138671875
XQB11,1999.963623046875
ZKO55,1778.520751953125
DZC65,1103.1968994140625
CYS10,3353.296875
IOW64,2395.636962890625
JJQ10,3025.233154296875
ZVR52,1835.987060546875
DRH86,1062.7518310546875
HWM68,2296.7470703125
OHY21,2429.238037109375
EVB28,1189.10400390625
WGT10,2402.535400390625
TXX50,2652.707275390625
XHQ12,773.35400390625
BUQ68,2860.45263671875
GPT11,2465.020263671875
DBA13,943.9931030273438
VLR10,1731.3226318359375
TXX50,2805.709716796875
PPB10,3794.27587890625
IAS38,3342.16845703125
FLZ93,2625.2080078125
DEE35,2558.830322265625
DFS52,2943.658203125
JCW15,654.36767578125
CGG23,1424.2322998046875
OJV12,2026.47705078125
MCQ36,3932.15185546875
YJD12,3095.660400390625
EOK39,427.2115783691406
IYM95,3186.14794921875
JBY12,3001.262939453125
EVE11,3328.725830078125
IAS38,2927.385986328125
LKG52,3110.25537109375
LCH20,790.5152587890625
DQX15,445.7116394042969
CPF13,3020.039794921875
MXD18,4173.73876953125
UJL53,3746.076171875
NQG12,3584.12158203125
RTM43,1367.201416015625
VOR91,977.8814697265625
BKR48,1862.8544921875
TYB54,4407.89697265625
JDT14,3203.852783203125
YST51,1010.3305053710938
YRD11,551.0845947265625
IKQ41,3279.1650390625
KKJ43,1539.2442626953125
BFA10,3845.01904296875
JIV77,579.569580078125
OIT11,3036.481689453125
EVB28,986.7689819335938
IZD14,899.593505859375
DVR14,1940.4710693359375
HAY13,2736.491943359375
KEB73,1451.67919921875
UHF16,2929.0380859375
KOE13,2676.00390625
OCC17,2025.62109375
XSM88,2794.89697265625
XKD99,3020.33203125
DZO55,2030.5714111328125
EPQ18,1169.8883056640625
WGC12,4537.3896484375
GTU11,3834.822998046875
DPL20,835.5255126953125
LCT65,774.472412109375
KKK25,1757.618896484375
OYJ39,2302.140625
PRC68,1709.5535888671875
BKA11,3892.640625
MCS10,3584.12158203125
OMK35,2322.968505859375
INQ59,217.23312377929688
WAF13,4035.3984375
QEG30,2093.74169921875
HNB36,2166.455810546875
JFM47,3289.431884765625
DHX14,2012.5213623046875
TIG24,1568.116943359375
WXI33,1165.095703125
QBL45,2213.72900390625
DPT13,1643.1114501953125
YHP10,2611.274169921875
IHZ66,3277.79638671875
LSZ55,1254.5316162109375
SLH10,1207.45068359375
DIX98,2065.02880859375
XEX60,2322.968505859375
SFC11,494.2320251464844
QGV13,3826.8212890625
YJY59,4230.32373046875
LHQ13,1007.6546630859375
FWW89,1391.720703125
AAS12,2692.11181640625
YHP10,2699.8896484375
JZL95,4044.593505859375
DBJ11,4107.44287109375
BNO11,3965.864013671875
MBQ12,3713.947509765625
NQE11,3789.8916015625
BJQ15,798.123291015625
JZK98,3034.624267578125
MSY10,5640.38134765625
DDK20,2604.936279296875
QAU14,1761.93408203125
YMG27,111.14867401123047
PJB12,2408.070068359375
MKO99,1503.4508056640625
SYW15,510.6797180175781
TTJ13,1694.3375244140625
KIT10,622.1644897460938
PYY23,3870.108154296875
QQR55,3032.39892578125
QBT13,1746.8704833984375
KBR18,1694.5394287109375
IAP53,2340.765869140625
HPW53,3813.635986328125
UCX61,1510.63671875
IWE13,3199.2373046875
OJE14,3139.05078125
SFI23,2037.7940673828125
MRG11,2808.22900390625
GLQ11,1752.576171875
JXC75,3277.79638671875
FTY40,2868.3056640625
GUM11,910.5603637695312
LZQ97,5162.90380859375
NGH10,2205.064697265625
MKR14,3235.666015625
MWN81,3196.65966796875
QKY68,994.5556640625
JEF58,1749.58740234375
IJC44,4023.738525390625
ZJB56,2039.7528076171875
OIY11,2046.090576171875
DXX87,587.367431640625
VPX10,3347.56884765625
LHK43,2046.2567138671875
UQE10,4102.412109375
MAJ12,2022.366943359375
GWU14,3921.438720703125
DCB19,3985.02392578125
FVD11,819.9549560546875
CPZ57,849.3015747070312
HWM68,1534.495361328125
TGT13,2563.16650390625
OTB75,461.1030578613281
VIQ13,3110.25537109375
XXE14,2074.690673828125
RNV12,759.4180297851562
DST32,2629.978271484375
CWT37,3857.708984375
NCG56,3102.4736328125
QJZ43,1524.2066650390625
RHR86,1718.1337890625
QRC11,1976.946044921875
ATT10,539.7557373046875
YYJ78,802.5974731445312
CQU27,396.5176696777344
ATT10,615.1775512695312
YTK96,2241.5498046875
UNI81,1454.3466796875
IIG27,1213.7884521484375
MCS10,2429.6728515625
BTP27,1720.8516845703125
OLY11,1862.8544921875
TVT11,2025.593505859375
QFD24,4064.76513671875
UYQ40,798.9833984375
KBP10,545.4548950195312
AKD11,4139.77197265625
IUN21,3887.8056640625
PDQ67,795.1273803710938
RDQ13,1506.2742919921875
VLR87,3184.325927734375
HZC96,3711.9033203125
QXV86,2431.590087890625
TGT13,2644.90478515625
XJA26,2448.029052734375
EWT46,4405.34912109375
QRC11,1739.5123291015625
RDJ83,1187.638427734375
URG12,514.9036865234375
BTP27,1720.8516845703125
ORN12,3612.496826171875
RFR49,3709.33203125
ZEE32,3965.73046875
OKA72,475.00360107421875
FSJ13,2571.945556640625
IYX45,901.791015625
DSY84,2001.0361328125
CSM50,1876.4412841796875
WOX94,3399.349365234375
UYH58,2807.318115234375
OLD10,4837.82666015625
IAP71,3116.619873046875
ATT10,2661.310791015625
JHP96,141.5922088623047
RUT58,1780.413818359375
UTN77,1548.796875
CTM81,485.4670715332031
YAA14,1771.481689453125
JJZ12,2362.052978515625
BKA11,3984.4453125
LWT80,1822.5953369140625
GKI48,1555.884765625
UAV72,1623.8953857421875
OIF72,2188.428955078125
JYY11,5076.49951171875
LLH93,3716.048583984375
AZB11,3759.762451171875
JEM14,2670.21435546875
AHD74,2855.136474609375
UYA56,5162.90380859375
XRJ35,659.97509765625
RAH15,3134.05908203125
TRZ29,3986.99951171875
HMI21,1549.237548828125
NEH32,1004.9854125976562
XEI37,3677.280029296875
BEY15,2823.31884765625
JJD44,1736.573486328125
NUW49,2604.936279296875
IKU77,1036.7955322265625
WDW84,2460.76904296875
XBN75,3599.7412109375
BTP27,1715.093017578125
KSO48,3275.666015625
SAC31,2993.8271484375
KTH72,688.9365234375
VZK61,3710.3056640625
QAU14,1768.75537109375
XVT88,4022.766357421875
KRS13,4091.898193359375
FDZ11,2959.49658203125
DHT27,4287.1279296875
GRD25,2511.006103515625
UQJ12,1510.1033935546875
GAC11,2427.1552734375
TKA46,560.9572143554688
YST51,1016.0891723632812
CCH19,2704.08349609375
FTY40,3101.0693359375
KVN10,3967.395751953125
LWT80,1778.3740234375
ONO10,4837.82666015625
STR65,2811.216552734375
VFE97,4219.52978515625
HWE10,836.3301391601562
PRC68,1704.5789794921875
RVX39,777.5980834960938
VMN22,3109.205810546875
XBY11,539.3589477539062
ZRF15,2432.1904296875
EOX12,2380.343505859375
JNT60,3100.302001953125
UIR34,2471.4951171875
ACC80,4837.82666015625
IVE63,508.09832763671875
JES16,786.11669921875
QEF34,3799.153564453125
NZA81,966.6978759765625
KTS65,3173.313720703125
ORX66,3244.284912109375
DKW49,2577.14013671875
DVR14,2223.46337890625
KAY10,3957.443115234375
ENH17,505.9283447265625
XHQ90,769.324462890625
WVJ47,2792.523193359375
UAS12,184.20138549804688
TPH13,2469.5634765625
OUB13,482.2662658691406
QQF11,1482.6156005859375
NMJ18,1572.3016357421875
JWP65,659.2255859375
UYQ40,795.8348388671875
OJV12,2075.12451171875
GWU14,3961.303955078125
RLY93,794.7020874023438
IFX14,1732.09130859375
ANV76,2279.8662109375
AHC49,3195.963623046875
QXV86,2557.22607421875
TNC52,3116.619873046875
AEF11,796.9354858398438
DMF12,2585.07470703125
PIV47,2443.114990234375
FKP38,2854.281982421875
JSI16,5672.14404296875
GEL15,3848.690185546875
SAD14,1609.455078125
APX64,459.396484375
HFF15,1454.0570068359375
OJL17,2010.09228515625
RMM57,3875.1787109375
JJZ12,3095.44384765625
CYP90,2552.572265625
HOA15,3289.431884765625
TWM83,2229.50390625
XFX12,1764.00439453125
UIR34,1457.99169921875
NXT21,3013.261474609375
YOC67,3418.572265625
CTT10,1736.30078125
XTA25,3759.0576171875
CNH11,2703.98095703125
OIR82,3991.183837890625
KGC13,3950.772216796875
LKT15,2681.369384765625
YFD14,3987.73974609375
LGE15,2396.642822265625
UTN77,1532.8641357421875
ZPQ72,1872.8017578125
KSA50,1777.365234375
WIW15,296.3307189941406
WDS14,769.9636840820312
CUY60,3986.99951171875
ACW12,3626.914794921875
HER33,1837.5689697265625
GMM11,4202.99853515625
XXE14,2873.09228515625
OJX13,3443.329345703125
GUA99,1780.177001953125
HRH29,1864.05029296875
WFU12,1039.5538330078125
JZM41,2531.61083984375
QMP15,1557.474853515625
AHD74,616.17333984375
KSE64,2987.152587890625
YEC92,472.8704833984375
SZO25,4407.89697265625
LKT15,2865.90625
SAS13,3116.619873046875
DUZ10,836.8823852539062
DZI47,3166.276611328125
MEF33,2976.837646484375
DQX15,1867.4095458984375
KTH72,3111.32666015625
HPD36,487.6256103515625
NPE65,2131.5791015625
MRG11,2596.782470703125
PQM96,1907.3314208984375
UYP13,465.7433166503906
INU15,1316.254638671875
ZGG52,3196.65966796875
TQD35,702.2137451171875
YOC67,2926.411865234375
OUB13,1465.739990234375
MII51,1644.6947021484375
VIC29,1134.9632568359375
RDC11,4837.82666015625
EZE26,2852.076416015625
ZXO53,5606.31103515625
VVO38,384.1738586425781
DKR87,1626.267578125
JKR96,1530.593505859375
SDZ43,1500.8818359375
GGP12,785.9451293945312
FWU13,890.2869873046875
UFA10,2587.072509765625
ZPF14,2045.657470703125
YCY11,1694.41650390625
WVE39,2856.494140625
EFJ10,4211.8955078125
HLZ81,1423.3575439453125
UXH58,3303.64013671875
LHC12,728.1765747070312
PAL64,4837.82666015625
PIN15,5076.49951171875
QAU14,489.43963623046875
ZQW57,899.9244384765625
ELK66,3618.834716796875
ARR74,493.0714111328125
LJD10,829.2459106445312
IGQ78,1533.485595703125
LKG52,1938.9462890625
KGF12,3258.052001953125
RWW49,1673.3128662109375
TZF64,2071.0185546875
YST51,1036.711669921875
VOE12,848.9078979492188
SPK13,3328.725830078125
HWE10,1429.4969482421875
HDN12,408.4607238769531
MTV83,1783.372314453125
WET13,1607.7337646484375
LGX26,1292.7244873046875
XIL11,3186.14794921875
OHY21,2561.067626953125
BYA70,1594.93212890625
UMO34,3708.40234375
IMW22,3768.948974609375
CKE54,851.7927856445312
HHT59,1500.8818359375
DUZ10,826.7050170898438
KYV41,1130.7369384765625
WUK60,4511.04638671875
ZYP12,885.589599609375
JSD91,2631.32861328125
HPG22,4074.19921875
DIX98,464.3838195800781
MDI34,830.2609252929688
RDC11,3256.23095703125
JYY11,3262.66748046875
OKA72,2174.81640625
KIS14,1405.1732177734375
ZJG11,2924.17626953125
NPE65,2554.154541015625
PRU76,373.0242004394531
TIQ73,2858.467041015625
ZSC82,604.665283203125
ZRC14,2997.882080078125
QAE90,966.1348876953125
YTL30,4837.82666015625
KJO95,1644.9371337890625
RIM99,786.11669921875
MGD92,3604.734130859375
TKM11,737.3886108398438
NXW60,1212.0635986328125
BCL11,3637.086181640625
FKW44,499.9169616699219
WVF37,1904.3853759765625
OAO12,490.1683044433594
UCB79,5448.783203125
NWQ13,2564.173095703125
FCY92,2561.455322265625
TMZ19,3573.54736328125
LZQ97,3327.0048828125
QKO94,1225.2698974609375
SKG14,3042.93798828125
GTU11,702.7908325195312
CEI27,491.3962707519531
MUE19,4097.7333984375
TQD35,3517.762939453125
ADT76,3350.82470703125
WPJ11,3327.0048828125
GKK14,1754.08154296875
COQ16,1561.8837890625
JTJ14,1884.0848388671875
CFL52,3584.12158203125
QUH78,2596.01220703125
CQK14,1314.939208984375
URV12,546.761474609375
CTT10,2536.75244140625
EKB79,3077.0654296875
TRX84,3808.511962890625
EGU28,3283.55517578125
KAF29,584.4816284179688
YQV21,3970.180908203125
SZO25,605.7521362304688
DUZ10,837.0261840820312
HLD43,2265.465087890625
CYJ45,2578.918701171875
BQB14,2217.37744140625
NAI10,3718.180419921875
HPG22,3951.684326171875
NCI72,3784.67431640625
DDK20,2481.7705078125
YGZ30,1778.520751953125
ORW88,4106.3994140625
ALQ91,1408.7982177734375
MRG12,5620.6689453125
WWF98,2204.446533203125
VDZ97,3289.431884765625
VMN22,3093.555908203125
PAN11,2225.266357421875
MAJ12,3110.25537109375
ACC80,3116.48388671875
GNX16,1651.3009033203125
XPC22,1398.7611083984375
ZQS14,3895.587646484375
LTH47,1713.3963623046875
XSM88,502.08685302734375
HLH13,2804.744140625
XBT14,541.57861328125
BGH11,2391.428466796875
FAC22,1183.1246337890625
YQO80,2635.4658203125
IUN21,2731.3994140625
QWO29,3804.265625
GNK67,3924.80419921875
NCN85,415.15789794921875
ZPQ72,1151.9599609375
KSE64,3083.283203125
MIH17,4837.82666015625
QKY68,1247.37255859375
FSJ13,2594.56201171875
VNP14,753.2344970703125
KYJ80,4531.0517578125
ENI41,2289.941162109375
JPO54,3834.92333984375
NUU36,819.9583129882812
WBL95,134.50875854492188
EWF75,3093.893310546875
SPK13,2314.04443359375
XBT14,1354.7918701171875
OKF75,5879.12890625
FKP38,3125.794189453125
ASL20,3944.612060546875
WJO14,218.62960815429688
LOS50,3052.196533203125
MIH17,3032.90576171875
RVU10,2514.64208984375
JGK92,5731.0
YEC92,2025.593505859375
KJO95,1729.709716796875
VIC83,2388.753662109375
XBY11,2542.243408203125
JET13,634.3038330078125
JLD12,1390.0198974609375
TNK24,2275.801513671875
PRU76,2083.7841796875
ZAC12,4837.82666015625
DJA22,3110.25537109375
VPX10,3238.526123046875
FPC14,1652.0849609375
AEF11,140.1912078857422
YBZ14,3328.725830078125
MRG11,2347.63427734375
ZEE32,3987.993896484375
PYU86,2121.34033203125
FDI10,464.1412353515625
LAP14,3436.059326171875
RHG44,867.06982421875
QKY68,526.9931030273438
SFZ66,4280.00341796875
GWU14,3790.135009765625
IOW64,2445.32763671875
NLT14,3110.25537109375
DSP10,2644.570068359375
EWF75,2833.48974609375
OGE14,445.3984069824219
IOW64,2538.052001953125
ZRC14,3021.8779296875
NNX49,4151.50927734375
TKM11,813.3348388671875
NJD55,2569.4404296875
PPX45,915.6175537109375
BNU14,426.4237976074219
OHK62,1571.4736328125
CEY52,174.67042541503906
ZNR36,401.6083679199219
NKH42,3277.79638671875
HMD10,1731.6922607421875
KNX65,1565.7391357421875
OGE14,1798.899169921875
KAE47,2356.23583984375
QTR25,1640.197021484375
QYN11,1640.1026611328125
ADO13,823.5894775390625
WOT11,2579.396484375
HPG22,3945.23779296875
ZWS21,2479.4443359375
QEG60,3894.1435546875
LVI11,104.24286651611328
QTC50,788.4532470703125
OJX13,2370.443115234375
JVY11,2566.882080078125
VMN13,839.32177734375
XGE53,2634.637939453125
UFA10,2186.145751953125
OPM10,2847.314453125
PNK10,475.00360107421875
GDV12,910.3087158203125
BGH11,1692.4649658203125
UBT47,1533.485595703125
HRW59,1012.8744506835938
JWP65,2952.413330078125
QBS73,841.5558471679688
NTB26,856.2416381835938
YSQ17,3530.79638671875
WGC12,2807.698974609375
GLJ63,1794.1756591796875
RXK11,1457.5567626953125
DWE31,4161.31103515625
OGW98,3007.974609375
BGU29,4219.52978515625
LLI13,1567.3568115234375
UNO45,1768.2291259765625
JNE88,3763.76416015625
BDC33,1714.2701416015625
SHY10,3626.78466796875
YPI13,3839.10009765625
YLQ15,1679.4453125
FWX31,3986.99951171875
VFE97,4226.9755859375
RWJ12,1721.5264892578125
NKD77,3584.12158203125
DGB94,843.9306640625
YRD11,2713.09033203125
KJO51,701.5572509765625
HCI51,166.19949340820312
FTY40,3155.47509765625
QJZ43,1527.43310546875
BJE52,2575.009765625
SXA15,1554.1851806640625
RQL15,1381.346435546875
OUO54,2629.978271484375
PXU66,424.61431884765625
UJM11,4185.7197265625
DMG17,618.4102172851562
SGZ11,383.9774169921875
WEP87,2873.09228515625
SKA90,1602.5848388671875
CYS10,3298.940185546875
NDQ15,2196.06640625
GZY97,2704.08349609375
CKJ42,2820.227294921875
IPC15,3111.336181640625
ENI41,2374.584716796875
FCQ55,1708.1812744140625
BXE31,1180.8096923828125
NMP43,4196.83544921875
MEF33,672.6187133789062
IWK67,2813.98779296875
PRU10,3010.049072265625
FKP38,3120.035400390625
EQV54,1519.0391845703125
AHF89,1728.8369140625
PHH13,2959.49658203125
GRM60,526.9931030273438
PAL64,3190.81884765625
NDP41,791.0579223632812
AHD74,3165.741943359375
SBH11,2200.281005859375
JTW13,1449.296875
UQE10,4036.60009765625
AXH89,3738.86962890625
CQU27,1752.224853515625
PIN15,3058.962646484375
ZKQ11,3712.67578125
PPB10,4114.96337890625
UJM11,4030.478515625
TKM11,4034.714111328125
WJU16,842.0799560546875
YBZ14,2256.300537109375
PRU10,668.0586547851562
WUJ11,3038.20361328125
ORS21,3121.996337890625
OYJ39,2249.79541015625
HRW59,1731.3226318359375
VKG12,2596.099609375
MJH13,2736.491943359375
RXO14,849.968994140625
SVQ36,2991.7021484375
SRC13,834.6506958007812
PJB12,2353.664306640625
XPC22,1391.0576171875
JVG23,3252.804931640625
GUM11,663.1940307617188
UYA56,2948.273681640625
TKA46,2637.19677734375
VIC29,1370.1915283203125
ESB61,1873.55859375
DRH86,305.5147399902344
VSL11,693.1678466796875
DXX87,2939.017822265625
LCH20,162.53244018554688
EJZ14,2640.289306640625
GMU28,1503.1600341796875
AEF11,818.623046875
KFJ98,2090.545654296875
JYM14,4053.765625
CGH10,660.028076171875
XHQ12,754.0183715820312
RLS13,3670.52587890625
ZQK44,4501.10400390625
VJX78,2415.78271484375
RCF13,3717.54248046875
RXK11,1422.9884033203125
TXX50,2711.028076171875
OPR10,3941.16064453125
OCU12,3283.55517578125
SIY12,446.7375183105469
HKA14,1845.2764892578125
OOL46,1391.5133056640625
OJT30,775.9407958984375
TZF64,2205.064697265625
JUP10,2140.2412109375
GMC11,3288.82275390625
YMU12,1763.0277099609375
XRU43,5592.08544921875
OJS40,2099.560546875
VGE44,833.568603515625
JJD44,2536.75244140625
RCV45,3159.2783203125
XRH13,1462.707275390625
CGQ37,624.7142333984375
YKM69,2635.63720703125
CQK14,1456.2349853515625
HLH13,2854.35009765625
FHS14,2779.661865234375
JTU15,2079.05322265625
QKH44,801.6887817382812
YEY91,2588.962646484375
WRY47,1468.2838134765625
ZEO73,552.4609985351562
JES16,976.4566040039062
JWP65,3226.661376953125
IKW10,5946.49853515625
OPP86,2838.002197265625
AEN20,2076.17822265625
LOK28,2225.266357421875
APX64,445.3984069824219
IHO60,4232.99267578125
CNH11,2364.400390625
SLY12,2473.541259765625
CKJ42,3078.53466796875
JZM41,3612.496826171875
AUN96,4151.04931640625
GDV12,1084.276611328125
WLW19,1742.1378173828125
ORW88,4239.14013671875
KTI10,3375.02783203125
KGC13,864.8941040039062
IXX58,2703.813232421875
DVT10,1050.6578369140625
RLY93,762.9769897460938
DCV26,2279.84716796875
NWQ13,1796.8424072265625
WXN13,2935.84912109375
AHZ10,2658.32861328125
JFM47,5076.49951171875
FKP21,418.4543151855469
UAV72,1546.9849853515625
WJW10,2809.427734375
LHK43,2037.592529296875
NQE11,3344.102783203125
ZAC12,3180.858154296875
LOS50,2939.017822265625
SWZ52,1119.92724609375
VKW64,3318.65283203125
DLH42,3277.773193359375
FHS14,3098.776611328125
NEH32,821.3446655273438
ZEP43,1768.146728515625
SIJ28,2497.602783203125
TWW48,1411.4033203125
CTO12,1170.41064453125
WET13,1764.3514404296875
HLD43,2158.790771484375
OIF72,3750.108642578125
XRI86,2260.828369140625
WBN96,3211.92431640625
LSU81,3196.131103515625
YEY31,3141.721923828125
VPO73,2003.037841796875
SMU22,684.0859375
KAF29,2356.61376953125
IFX12,1844.1650390625
CTT10,1555.884765625
MCJ75,1408.7982177734375
UYH71,2639.14599609375
FOG11,2615.095458984375
UCB79,3676.565673828125
CPZ57,886.3609619140625
FTF15,2536.75244140625
KBE13,1604.053466796875
QHL12,3017.343994140625
QGQ10,1792.846435546875
DFL12,2030.90625
FTY40,4501.10400390625
HTQ14,2797.42822265625
BSV80,2278.18798828125
DCV26,2142.9140625
JMH12,2814.89013671875
EZH74,4049.95458984375
HWE10,839.32177734375
UYQ40,839.3102416992188
IBY35,4034.900146484375
JTW13,1248.5933837890625
SIQ14,1476.7088623046875
WZF50,2963.398681640625
DZI47,3025.233154296875
OGP11,3606.208984375
LOK28,2219.507568359375
OEQ12,901.723876953125
BON13,3652.46533203125
RHS94,2580.58642578125
TTV54,2929.839111328125
OIT11,607.9713134765625
NSF70,2148.725341796875
OYN80,5076.49951171875
RMF83,3161.263671875
ZFU57,3082.03564453125
JBP32,1772.7620849609375
ORW88,871.1451416015625
SKK32,3069.96826171875
FQP55,1527.378662109375
ZWG14,3266.499755859375
QRC79,1864.8270263671875
OXK54,1818.1798095703125
MJX11,772.5479125976562
AHD74,3073.9130859375
BTP27,1528.464111328125
WHA79,1749.9327392578125
VPJ12,2220.06689453125
MII51,1633.300537109375
LOK28,1869.1573486328125
PZT93,1500.8818359375
ZKO55,1778.520751953125
FKP21,1752.989013671875
PNK10,2030.026123046875
WVE39,608.6013793945312
QJS12,2530.271728515625
MXK51,1791.377685546875
YKM69,2635.63720703125
OIF72,2440.020751953125
CTA35,2853.863525390625
RAH15,3129.551025390625
EVB28,1199.2589111328125
KXU14,3328.725830078125
BNB10,429.3421630859375
TVF57,1698.835205078125
PYY23,3965.08203125
TBK97,1526.5263671875
DKY10,3981.859619140625
SWG81,1386.6402587890625
LDO15,2880.202392578125
HSB92,3110.25537109375
TKA46,2588.5498046875
RZV10,512.7393188476562
FUN14,826.8556518554688
NAI10,3718.180419921875
BTP27,2543.57373046875
ZQK44,2695.659912109375
ADE15,3988.13720703125
IKW10,4248.70703125
FAB15,2445.016357421875
PJG77,2635.73974609375
JES16,1012.8744506835938
KFB59,1469.01171875
KDE69,2166.38818359375
OPR10,3805.746826171875
PXM14,1534.463134765625
OYC25,3670.52587890625
BFK13,414.8572998046875
TZF64,2253.711669921875
IMO12,1020.421630859375
SFQ33,1002.3565063476562
SVE76,2039.7528076171875
HJZ96,2525.251953125
RNM14,2545.15576171875
FOG11,1757.1964111328125
WPJ11,2964.92431640625
SGZ11,1430.520263671875
ZGG52,2244.804931640625
UIR34,1477.15087890625
VNP14,3707.984130859375
CPZ57,646.8764038085938
HOK90,3196.65966796875
ZVH10,2959.49658203125
JTL20,917.9929809570312
OOI14,2608.757568359375
EHR84,1760.8477783203125
YEY31,618.37646484375
GLQ11,1597.969482421875
SSW11,2508.109375
SSW11,434.8792724609375
HWE10,873.8899536132812
FMO17,1525.5047607421875
TBI27,3617.3203125
XIL11,3239.166015625
ZIV91,1934.6173095703125
QXX90,3063.909423828125
PRC68,1564.3221435546875
EEG76,1737.660400390625
QMP15,1511.1527099609375
UXH58,5076.49951171875
LCT65,787.7904052734375
HWG64,601.0098266601562
XIL11,2961.64013671875
JZK98,3260.4384765625
WUV14,4014.51123046875
QIN25,2528.096923828125
INK89,2214.99951171875
LNK13,1547.775390625
AJM90,3914.623046875
GCV94,1652.0849609375
RGL63,4054.253662109375
OVU58,350.6512756347656
OJT30,855.9810791015625
NJD55,2575.19921875
QGQ10,1751.1513671875
QAU14,1771.044189453125
JVE40,1869.1573486328125
CUP12,3175.773681640625
EHR84,1719.1527099609375
IAR88,3244.284912109375
IGQ78,499.40240478515625
NGH10,3110.25537109375
OOY30,1753.4434814453125
OCU12,3283.55517578125
NQW13,743.124755859375
NUY94,601.7756958007812
VSL11,3806.89013671875
LRF62,2050.36279296875
PTX15,2926.411865234375
RSY89,1019.0650634765625
AQW42,3802.48681640625
NQG12,2518.728515625
DQX15,1128.3326416015625
HMI21,2417.68115234375
OPM10,3141.721923828125
EVN95,5937.32177734375
LLH65,4407.89697265625
COQ16,1789.1309814453125
QBV12,3584.12158203125
JXN83,637.436767578125
LWD10,2571.81103515625
AUO69,2873.96240234375
FCY92,2435.8193359375
DBA13,987.4041137695312
BYA70,1787.7991943359375
OUB13,1471.4986572265625
IAP53,593.736328125
SPK13,2319.80322265625
VHM53,1588.349609375
RXM37,856.2891235351562
GCR10,3993.358642578125
XRY13,2314.1123046875
VJX78,2568.671875
KXA92,5076.49951171875
RLS13,2546.097900390625
URV12,493.89794921875
IHZ66,3283.55517578125
RGM13,1551.2694091796875
WVX10,3184.7021484375
FCG79,2035.646484375
GZY97,3652.46533203125
YZE70,2415.0703125
IHZ66,3337.024658203125
ITH16,1937.5115966796875
RCT12,2718.235595703125
IMO12,812.4400634765625
NSE67,1640.9810791015625
CJZ63,1958.2530517578125
RZH55,1026.1131591796875
YYE10,1766.3797607421875
IYX45,1591.8487548828125
YSI78,3006.817626953125
KYV41,3540.8701171875
JPO54,5621.83935546875
CNC77,3802.04931640625
TFO71,1172.88232421875
TKM11,3971.04345703125
VUG26,2845.878662109375
PJM18,2274.107421875
GSG12,2009.2843017578125
OLY11,2012.199951171875
UMO34,689.02587890625
UJC79,362.73126220703125
YPI15,2033.994140625
JSI16,665.1974487304688
QMP15,1523.751220703125
QXD11,2152.807861328125
PPB10,4109.205078125
AHZ10,2711.029541015625
UXH58,3320.778076171875
HHJ28,2359.603515625
RLS13,2395.636962890625
LIE73,790.5669555664062
WYF11,4837.82666015625
CGG23,782.97216796875
RCK21,594.3446044921875
ZEP43,396.4212646484375
GSN53,2222.96875
MNO10,664.590576171875
MVU13,539.1301879882812
FCJ12,3652.46533203125
YKM69,2495.578369140625
LTH47,1723.8228759765625
WEA21,745.2564697265625
PTZ82,973.665283203125
JKR96,536.831787109375
IBE74,689.234130859375
EIJ11,4084.9208984375
TVF57,1499.8846435546875
JEF58,1783.8209228515625
SVE76,2273.913330078125
NCS40,786.6403198242188
GKK14,2212.31591796875
FWK70,2510.839599609375
LOK28,2273.913330078125
YPI15,2039.7528076171875
TBT30,3696.013916015625
YTK96,989.1451416015625
PHE51,3408.269775390625
PAN12,2775.2216796875
FKP21,2642.996826171875
KUR15,1749.807861328125
OKA72,2174.81640625
BAE93,1608.2669677734375
AWN68,489.6321105957031
KXV82,4086.818603515625
JVR13,2792.523193359375
RWW49,1715.0079345703125
GPT28,846.0552978515625
KNX65,2417.68115234375
CJQ14,3862.738037109375
DLH42,5162.90380859375
OLD10,659.2255859375
EEG76,969.4406127929688
TKG19,1925.003662109375
KAF29,2682.83154296875
VZK61,4009.666748046875
THL13,2443.29345703125
VFT71,1746.4888916015625
KTS65,3272.09765625
UTN77,517.035400390625
XXE14,2031.8079833984375
MSJ80,3612.496826171875
DIX98,1871.7843017578125
YOC67,618.9659423828125
WVX10,3243.47900390625
ZLS67,514.1494140625
RXK11,1396.5989990234375
GLS37,782.6302490234375
YYN48,3810.70654296875
MZW14,3277.429443359375
CNO62,2684.38671875
BDC33,1612.975341796875
UOI59,4407.89697265625
JCP13,847.3650512695312
IKQ41,618.37646484375
OVU58,847.6680297851562
PYC12,1727.2882080078125
COH93,1205.017578125
RDC11,643.8056640625
OJS40,2077.77587890625
ROJ11,2370.155029296875
HAQ14,1143.2027587890625
QUR48,1266.234375
VKX48,2637.767578125
IPR12,3652.46533203125
GMI62,4466.57421875
QTJ15,3760.737548828125
ARR74,3584.12158203125
QQK28,2684.2841796875
CKE54,847.3928833007812
TNC52,713.627685546875
RZV10,1428.881103515625
IYE11,393.92657470703125
XAG62,1598.25537109375
VPX10,736.8560180664062
MRS69,751.3485107421875
IRM25,662.81103515625
KFT87,1591.11279296875
KFT87,1745.719482421875
IZT30,2743.179443359375
UYQ40,804.7420654296875
FBW60,1823.0206298828125
MKR14,682.0341186523438
OAO12,2582.89892578125
AQW42,4005.281005859375
RCA58,2922.50048828125
TNC52,2812.086181640625
HLD43,2314.1123046875
AJM90,3653.257568359375
XHP14,588.64306640625
APE89,3353.297607421875
HTO82,2445.362548828125
RFR49,3350.404541015625
QHL12,582.0256958007812
ADO13,5914.6318359375
WCQ91,3056.020263671875
PNU88,4153.57568359375
TTV54,3127.57568359375
EOF58,586.6616821289062
XVN59,583.3784790039062
FFG32,3193.25732421875
ELY14,3415.130126953125
BKR48,2144.42041015625
JBP32,1757.88037109375
EVN95,4176.373046875
KGF12,662.5374145507812
LOS50,3003.549560546875
RLS13,2546.097900390625
QPF16,2611.148193359375
ZOJ13,3172.5
WGC12,3101.064697265625
GWC40,1573.89892578125
GZY85,3191.881103515625
DXJ52,1965.4521484375
BGU29,3934.225341796875
MYA10,3567.60986328125
EVB28,1907.3314208984375
UQI78,2907.0205078125
ZAM11,1508.2442626953125
DBJ11,4178.96728515625
YOJ46,1467.9215087890625
FSJ13,2571.945556640625
RWD64,1418.6199951171875
SRT14,3303.64013671875
UCM12,1773.07958984375
HSZ90,4038.486328125
HCI51,823.6460571289062
IAU19,1674.627197265625
ZQK44,592.6625366210938
TZF64,420.0476379394531
THU10,1430.6959228515625
QUY11,1764.00439453125
BAX62,728.1765747070312
KKJ43,1523.3115234375
RHR86,2448.029052734375
OOB26,799.375244140625
MRS69,1408.7982177734375
YUE24,932.1113891601562
RXG14,2088.399658203125
IYX45,876.4757690429688
FIH14,1890.7509765625
ATT10,3887.8056640625
DCV26,1914.148681640625
UAS12,895.0504760742188
YQV21,4059.663818359375
GSN53,2214.3046875
ZXN29,1768.63916015625
ENH17,2970.499755859375
SLY12,2604.936279296875
KXG14,1408.7982177734375
DIA66,854.1676635742188
OAY27,2024.6474609375
DXX87,3052.196533203125
OKH95,2428.613037109375
SYQ15,546.5525512695312
TOK11,1867.4095458984375
MEF33,2755.08203125
ZOJ13,4837.82666015625
ZTE88,1732.044677734375
IEW96,957.5491943359375
BJE52,2569.2509765625
OTC46,2448.029052734375
UBT47,487.71270751953125
OLD10,3092.034912109375
XDH81,3110.25537109375
APX64,1914.4835205078125
FMT10,4223.189453125
FTY40,637.9580078125
HFF15,1238.747314453125
DRY11,1444.5401611328125
MKR14,5498.8408203125
RZH55,1012.8744506835938
OJT30,271.1658630371094
YAA14,1758.7476806640625
WEX14,1033.6322021484375
KKK25,1765.0640869140625
SWG81,464.42401123046875
TLK62,3218.871337890625
NSG12,2024.6474609375
FRD35,2027.5089111328125
QDC31,586.1088256835938
GKI48,1789.047119140625
UTM98,4837.82666015625
TLK62,624.7142333984375
CJZ63,1765.841796875
XWX56,475.00360107421875
DLV10,825.4036254882812
SES94,2873.09228515625
KVS72,1727.28857421875
XNT10,2138.923583984375
URG12,2247.853759765625
IPC15,3013.243408203125
LKT15,2925.117919921875
SZA88,3196.65966796875
HIQ11,510.2314453125
JYY11,3277.79638671875
GWH45,500.08856201171875
KTS65,3173.313720703125
JTW13,1441.70556640625
LIC37,3261.98974609375
VMP31,354.5429992675781
WCQ91,3110.426025390625
NTE48,4144.3154296875
VYB31,2320.4501953125
NCN85,2039.7528076171875
ASG22,3836.512939453125
KXV82,4086.818603515625
VFH85,3115.102294921875
NFO12,3975.495361328125
UQE10,3726.2041015625
SPZ10,1577.1253662109375
TUT39,617.7640991210938
JDT14,3239.166015625
NDP41,1056.99560546875
HWG64,2725.557861328125
ACW12,3724.14599609375
PJX11,2432.213623046875
MVI14,461.6516418457031
TZV99,4160.625
IIG27,922.1508178710938
SFQ33,1022.9789428710938
HJY10,335.3223876953125
YZE70,2487.75
NUY94,801.3792724609375
QFD24,6164.1728515625
INK89,2119.49658203125
RWD64,1376.68359375
OUT45,2380.343505859375
USU11,2873.09228515625
IEA75,2357.574462890625
EBV12,752.061767578125
IDG55,398.10858154296875
MDI34,169.7366180419922
PYC12,511.5516357421875
HZM67,806.0098266601562
PRU10,585.6429443359375
HIQ11,2042.1175537109375
KBR19,3123.929931640625
QKH44,788.2304077148438
KSA50,1792.877685546875
OSH14,2219.507568359375
DKR87,1768.586669921875
ZKH72,3106.8701171875
QHL12,3133.832763671875
OHK62,1354.7918701171875
DZC65,281.7162170410156
BCT83,1965.08447265625
YPS49,2873.09228515625
ASG22,2839.233154296875
QEF34,3745.780517578125
UOA58,923.4799194335938
EXZ14,2531.842529296875
ALR41,1541.7308349609375
LLH93,5793.1337890625
MIP41,4924.23095703125
YZF96,2625.0439453125
WAQ97,1001.0718383789062
EOX12,2262.0693359375
YNH71,4058.670166015625
RRA15,2635.818115234375
KGC13,4364.66357421875
GRU16,2249.412841796875
KKK25,1799.31396484375
PYE12,3584.12158203125
WWF98,2204.446533203125
ZMR15,1012.8744506835938
OOB26,175.00123596191406
VKW64,3244.284912109375
AWN68,1993.73583984375
RMF83,4924.23095703125
LHC12,730.8303833007812
VQW12,1530.593505859375
ANV76,2279.8662109375
CZV11,2044.6044921875
ELK66,2534.4619140625
XRI86,2410.322021484375
DIR24,651.3958740234375
FKP21,1602.5848388671875
JNE88,3937.878173828125
YFI46,792.1581420898438
GVZ23,858.072021484375
MPG14,3847.784912109375
BFA10,3936.919921875
KKC12,5946.49853515625
GTU11,3763.156005859375
XRY13,2265.465087890625
ESB61,1629.5340576171875
TNK24,1629.59130859375
GRD25,2535.8310546875
WAQ97,886.0790405273438
RCT12,2332.795166015625
LGB10,3175.773681640625
DOD12,768.7759399414062
XVT88,4067.736572265625
ORS21,2983.89453125
LHB99,2976.471923828125
JHT69,1515.410888671875
UOA58,889.7523193359375
XBP87,4164.40380859375
UFE10,4067.412353515625
KVS72,1764.3175048828125
NXQ22,429.22650146484375
QUH78,3584.12158203125
YSA54,2564.173095703125
NDP41,1008.9686889648438
DAD76,2664.114990234375
UAS12,884.7293090820312
UMO34,6049.97802734375
YAO11,2331.27685546875
UMC12,3279.1650390625
ZUC11,432.171630859375
QQZ11,3278.939697265625
VNK13,1731.3226318359375
GCD72,857.351806640625
ZVH10,1844.3428955078125
JBC11,1408.7982177734375
UQI78,2792.697021484375
MPG14,3578.78857421875
ZNR36,1841.9761962890625
GAA13,2969.044677734375
SVQ36,2983.0380859375
GUA99,1794.1756591796875
MDT12,2169.0576171875
XJA26,1447.1358642578125
DOS34,4407.89697265625
CXN95,3854.578369140625
MKO99,509.38262939453125
XNT10,1955.3631591796875
CZV11,2088.742919921875
MEF73,904.0594482421875
EOX12,2428.990478515625
JJZ12,2332.18505859375
TVS63,2414.545654296875
TMZ13,2202.152099609375
XQB11,2110.485595703125
RSY89,818.5469360351562
PYY23,728.7430419921875
ZJZ12,1207.998046875
RMM57,3805.146240234375
HIM13,1757.618896484375
FCJ12,589.847412109375
HSB92,2010.16552734375
LYL11,901.8109741210938
KEB73,1438.00341796875
DOY13,1688.2303466796875
NSG12,1976.6435546875
SLH10,1167.1236572265625
KZY10,1768.1771240234375
KQB34,758.7389526367188
TMZ19,3866.935302734375
YOV13,1376.17529296875
KUD34,2806.046875
LHB99,3657.4140625
WGC12,3059.2294921875
CEI26,2334.01025390625
IKW10,4129.599609375
IHP10,3251.870361328125
ZVH10,2084.787109375
BAX62,109.15594482421875
VUP73,1760.41796875
GMN17,472.07171630859375
EJJ98,768.9676513671875
SZL68,2933.232421875
KQB14,2203.005615234375
PPX45,919.8026733398438
OIX75,1659.84765625
UBN10,472.0577087402344
OZD18,3887.8056640625
NUW49,2185.353759765625
DPL20,840.2984619140625
SWI46,2369.811767578125
OVU58,1001.112060546875
WBN96,3202.2666015625
FES30,1461.4835205078125
IBE74,896.2618408203125
CQK14,1478.5570068359375
SAS13,3050.384033203125
AIR10,1741.5933837890625
RCT12,2612.282958984375
EGJ70,2242.953857421875
UJM11,4324.85888671875
LVI11,807.9807739257812
YJC10,2863.885009765625
STK69,2576.684814453125
RCG12,3001.04541015625
DPT13,1730.044189453125
AKE16,3189.34765625
ZGG52,472.8704833984375
QBV12,2500.64599609375
OIF72,589.847412109375
DSY84,2006.7947998046875
MKK14,724.4620361328125
ZCH56,2219.507568359375
NJZ80,4002.55859375
YLU79,901.1703491210938
UQC15,3052.196533203125
QGH13,727.5343017578125
LFG35,866.508544921875
GSR10,1799.61376953125
CXN95,3772.1259765625
SAD14,2325.170166015625
HIM13,1555.884765625
DAM28,3764.180419921875
IYQ61,589.1536865234375
WVJ47,2480.630126953125
YQO80,2281.4169921875
FWU13,3792.931396484375
VLR87,5061.87939453125
KJO95,360.7686767578125
YMU12,464.45361328125
KSO48,5061.87939453125
JVG23,709.1161499023438
UQC15,4494.30078125
NKD77,2615.861083984375
PNT79,727.6862182617188
IBB12,3104.349853515625
NDP41,1737.660400390625
UNO12,314.77569580078125
JLR10,2739.4794921875
FTE97,2873.03564453125
RKO79,3043.899169921875
AHD74,4173.3232421875
TUA11,768.9197998046875
DFL12,2833.54150390625
SRC13,4243.9013671875
CNO62,2635.73974609375
VTP18,377.6396484375
ENI41,2428.990478515625
GKR83,626.8671875
GZY97,2696.1943359375
YUP11,2645.588623046875
ZGW12,1461.946044921875
ZGG52,2089.37890625
YBZ14,2005.43310546875
MUE19,4097.7333984375
YJY59,3953.12548828125
SVE76,2061.176025390625
BGC59,1992.0418701171875
MQO56,801.6887817382812
DVZ11,2935.84912109375
XPL78,1799.31396484375
ZEE32,3863.816650390625
NOR77,4844.16455078125
UAV72,1541.9371337890625
RKO79,3165.741943359375
PNU88,3949.19677734375
GRU16,1273.79833984375
GKD13,595.6515502929688
ALR41,1541.450927734375
BDC33,2482.518798828125
UBT47,1539.2442626953125
XRU43,3387.281982421875
PXU66,1867.4095458984375
MII51,1452.3070068359375
DCB19,4032.990478515625
QJS12,2399.27099609375
XZA11,3244.915771484375
VIQ13,2223.46337890625
OMI11,4173.677734375
SSW11,2513.8681640625
ZIV91,2061.176025390625
RHS94,2239.426513671875
YFI46,773.575439453125
VNP14,3735.639892578125
IGQ78,1573.8126220703125
ADO13,3997.23388671875
LKG52,1938.9462890625
IKW10,816.1428833007812
KTS65,2787.7373046875
QRB67,2650.242919921875
OZD18,2728.045654296875
TNC52,3025.233154296875
EOA13,3953.77197265625
FCF11,2139.939697265625
LCH20,608.873779296875
ZSC82,2850.6474609375
MEF33,2950.3232421875
ZLP33,3087.37109375
VQU85,1518.18896484375
DUY39,885.589599609375
YYN48,3814.69384765625
EGU28,3375.02783203125
EWF75,3045.246337890625
ZKQ11,677.68017578125
RQL15,1541.4376220703125
KBR19,4837.82666015625
CCH19,589.847412109375
JTW13,2362.2060546875
YEY91,2276.85791015625
APX13,4153.21484375
WTA87,3670.72412109375
JBP32,1778.520751953125
IMW22,4208.42822265625
GPT11,2274.2412109375
TQS13,808.8411254882812
WEA21,762.0657958984375
CWT37,3915.270751953125
IEB77,491.7652282714844
JXN83,3339.451904296875
UYH58,500.92919921875
MUE19,4230.47412109375
TTM88,2454.366943359375
DPF60,507.7107849121094
WWX99,3908.345458984375
IZD14,934.1616821289062
DZQ18,673.7437133789062
CSM50,1782.3868408203125
ESB61,1871.4765625
SFC11,1239.2161865234375
CQZ29,1468.0390625
WDW84,529.7588500976562
IUR77,4165.404296875
ASG22,598.8767700195312
QYH11,1453.4736328125
KAY10,4010.878662109375
HQU11,3440.982666015625
ZVR52,2069.441162109375
BNU14,3196.65966796875
ORS21,657.0223999023438
YOV13,1573.8126220703125
HTY10,915.658203125
KKC12,4242.9130859375
ALQ91,779.3930053710938
CTA35,3162.411865234375
IZT30,591.6531372070312
LME51,1363.114013671875
TVD11,3186.34814453125
ZKO55,436.2645568847656
FPR69,4407.89697265625
NSF70,1999.4530029296875
YYJ78,140.1912078857422
SRC13,4232.35693359375
QAE90,1731.3226318359375
URV12,2599.177490234375
WVJ47,2930.507080078125
IEW96,930.51025390625
OTC46,1688.973876953125
BCT83,483.6621398925781
ZFZ28,3697.717529296875
OLD10,2889.021240234375
ROJ11,2191.716064453125
MYA10,5592.08544921875
ALV12,3254.96484375
YBM44,1727.28857421875
PNK10,2189.0390625
YJM13,4221.07177734375
UIR34,1477.15087890625
LLI13,2608.757568359375
WJU16,807.5117797851562
NDP41,1016.6682739257812
JXC75,580.1825561523438
YQL23,1730.044189453125
SGZ11,2046.090576171875
VOR91,1817.72705078125
IOG99,1429.4969482421875
URV12,2185.353759765625
NPE65,3584.12158203125
KGC13,4258.2421875
CWT37,4045.59326171875
HQU11,6182.58349609375
JHP96,776.229248046875
EHR84,475.85845947265625
EWF75,3045.246337890625
HMD10,1721.4783935546875
QRC79,1833.721923828125
BNH40,2990.551513671875
JXN83,3708.188720703125
GYZ10,177.02821350097656
TEP90,1104.6544189453125
JTL20,935.6549072265625
QYX54,4458.462890625
OTB75,587.4275512695312
LNA17,904.0039672851562
IOG99,789.0320434570312
IHO60,856.703369140625
LCH20,768.8278198242188
WGW41,2951.559814453125
BWJ76,3015.350830078125
AHF89,402.1059265136719
QGV13,3776.986328125
MOL44,1820.2679443359375
GNP12,4073.00341796875
GVZ23,894.5758666992188
EVE11,2301.19970703125
IBY35,3857.2060546875
IUN21,2602.616943359375
DVB70,2833.474365234375
KRS13,3994.666748046875
YSQ17,3911.208251953125
LKL13,3652.46533203125
KDE69,2553.1787109375
VVO38,1391.831787109375
VOE12,5814.99072265625
PTX15,4837.82666015625
NXX10,1869.1573486328125
NKH42,665.84716796875
JRE61,786.11669921875
PJX11,2405.823974609375
YMG27,812.8568725585938
ZLI11,4407.89697265625
APE89,691.9500732421875
BUX15,2530.645751953125
TGY15,2907.179931640625
KFT87,1749.72998046875
TZT48,1714.361083984375
NCG56,3127.57568359375
OFA73,1746.7989501953125
KPX48,2386.173828125
KDE69,2297.782470703125
AJM90,4011.8544921875
SHY10,3514.401611328125
PPX12,557.86767578125
GQT13,529.125732421875
DJF15,1766.9111328125
FCY92,2567.214111328125
RID69,2603.271240234375
HQW98,4924.23095703125
QAK10,3000.1650390625
GDV12,1096.90576171875
CPQ12,735.1128540039062
JNE88,3815.621337890625
SAC31,4407.89697265625
IAN13,3019.66650390625
OAW37,4924.23095703125
BUQ68,2603.26416015625
RDQ13,1310.55029296875
AFT64,4023.435302734375
NQE11,3735.04931640625
UML60,3502.366455078125
WFU12,1107.2945556640625
PZS93,1692.8538818359375
MSY10,3734.183349609375
PYC12,1716.7271728515625
LZC90,2553.81982421875
EVI82,1179.123779296875
JJQ10,2847.314453125
WOX94,665.84716796875
MLD88,2273.913330078125
MJX11,778.3065795898438
EOK39,1534.01416015625
PHH13,2084.787109375
JVY11,2195.182373046875
OGC10,603.3322143554688
RZP72,2845.923583984375
CJQ14,774.413330078125
SZL68,2695.659912109375
TZX36,827.0462036132812
ASG22,2420.082763671875
FUU40,1829.9962158203125
GNK67,5914.6318359375
PIV47,3335.063720703125
YDR46,4144.68798828125
HAY13,4407.89697265625
JFM47,3308.255615234375
CYY10,2331.27685546875
LVI11,1429.4969482421875
LHQ13,1731.3226318359375
ADT76,2999.063232421875
EHR84,1711.603271484375
FOK66,3612.496826171875
SIY12,1750.5098876953125
UCX61,586.4708862304688
CHF67,1175.732177734375
XRZ81,779.2089233398438
CNP10,5055.61181640625
LSZ55,1429.964111328125
JTL20,233.62728881835938
JDG81,529.125732421875
HBG12,1177.7581787109375
DOD12,136.22642517089844
WXP11,899.3417358398438
GLS37,162.00637817382812
GOU14,2829.8173828125
ZAC12,3186.616943359375
CSM50,1724.48583984375
XVN59,770.3607177734375
LVI11,786.293212890625
XPC22,1336.8284912109375
ZGW12,1456.1873779296875
LNA17,919.6126098632812
ZOJ13,3231.27685546875
PZT93,885.7951049804688
IAP71,3042.93798828125
NZA81,711.027587890625
RMY66,1726.8126220703125
KGF12,3278.939697265625
UQJ12,1499.9293212890625
JXG94,1635.5330810546875
RXG14,2033.994140625
GLJ63,1738.48193359375
MJB10,1916.3533935546875
PNK10,1858.3023681640625
TBT30,3560.046875
TVS63,2554.6044921875
NVY75,2200.71142578125
GLS37,788.388916015625
CQC14,2943.04296875
WLW19,439.27679443359375
PYY23,3559.485595703125
SLY12,2604.936279296875
VKK10,2852.076416015625
TTJ13,1645.8770751953125
GSV13,1949.160400390625
ZXN29,1788.2403564453125
RTV34,4350.38427734375
VFE97,965.2431030273438
KXW10,3110.25537109375
CKE54,890.9234619140625
HAY13,2882.426025390625
ZEE32,3817.94189453125
NDL93,3885.351318359375
